{"n": 56, "fibers": 14, "outside_count": 10, "idxs": [0, 1, 2, 3, 4, 5, 6, 7, 8, 9], "meta": {"record": {"t": 10, "seed": 456, "node_limit": 20000, "K": 20, "time_limit": 30.0, "nodes": 10252, "best_depth": 9, "unknown": 9, "success": true, "time": 13.460543155670166, "verify": {"triangles_checked": 364, "squares_checked": 3003, "tri_bad_count": 0, "square_bad_count": 0, "tri_bad_examples": [], "square_bad_examples": []}, "spectrum": {"min": -6.5174255004018455, "max": 6.16740933298466, "violates": false}, "c1_sample": {"sample_cases": 100000, "bad_gt1": 0, "max_closers": 1, "mean_closers": 0.19104, "total_hits": 19104}}}, "candidate_candidate": {"4-5": [6, 40, 3, 34, 50, 20, 48, 47, 30, 1, 14, 43, 7, 8, 37, 24, 55, 18, 45, 2, 5, 12, 51, 22, 0, 49, 44, 26, 21, 28, 15, 27, 4, 13, 31, 53, 33, 39, 32, 41, 11, 54, 52, 36, 29, 35, 42, 38, 46, 17, 25, 23, 16, 19, 10, 9], "4-6": [45, 36, 41, 40, 53, 7, 30, 24, 28, 32, 4, 46, 18, 27, 44, 26, 10, 16, 37, 17, 19, 20, 1, 47, 55, 6, 29, 11, 8, 42, 33, 25, 35, 31, 49, 48, 23, 3, 12, 54, 13, 9, 2, 22, 38, 0, 34, 52, 43, 15, 51, 39, 50, 14, 21, 5], "4-7": [51, 50, 15, 20, 39, 4, 10, 43, 44, 23, 17, 9, 32, 48, 12, 25, 2, 46, 52, 21, 29, 8, 38, 41, 1, 54, 11, 55, 45, 27, 35, 53, 30, 5, 22, 33, 24, 7, 18, 0, 31, 19, 3, 34, 14, 16, 26, 42, 37, 28, 6, 40, 47, 13, 36, 49], "4-8": [34, 30, 46, 12, 48, 55, 35, 33, 52, 13, 23, 15, 29, 16, 50, 43, 26, 1, 41, 27, 0, 51, 3, 2, 20, 11, 18, 17, 42, 37, 54, 21, 9, 8, 14, 4, 7, 44, 19, 22, 38, 28, 25, 32, 24, 53, 31, 36, 45, 47, 40, 5, 39, 10, 49, 6], "4-9": [28, 9, 53, 51, 33, 48, 39, 10, 36, 37, 5, 23, 54, 43, 30, 18, 49, 19, 55, 24, 32, 14, 45, 20, 25, 21, 41, 13, 46, 38, 22, 26, 12, 7, 52, 16, 35, 4, 8, 40, 2, 15, 27, 3, 17, 44, 0, 31, 50, 6, 29, 34, 42, 47, 11, 1], "4-10": [48, 23, 34, 0, 12, 42, 50, 44, 27, 16, 15, 14, 17, 11, 6, 49, 24, 29, 28, 13, 47, 41, 30, 43, 21, 9, 4, 37, 36, 52, 20, 32, 33, 2, 19, 18, 38, 1, 39, 3, 53, 51, 46, 40, 25, 26, 35, 8, 55, 54, 5, 10, 45, 7, 31, 22], "4-11": [3, 13, 52, 21, 2, 1, 8, 28, 37, 44, 36, 25, 31, 29, 43, 9, 11, 41, 50, 35, 23, 40, 10, 16, 14, 46, 51, 34, 6, 30, 7, 5, 0, 12, 42, 49, 47, 18, 24, 27, 20, 53, 4, 39, 26, 54, 17, 32, 19, 22, 15, 45, 38, 55, 33, 48], "4-12": [31, 0, 29, 45, 52, 18, 36, 6, 42, 24, 28, 19, 25, 23, 51, 12, 13, 44, 47, 9, 46, 27, 21, 4, 35, 2, 32, 38, 43, 48, 11, 14, 37, 1, 15, 8, 22, 41, 49, 55, 26, 40, 5, 50, 20, 10, 33, 39, 17, 16, 34, 7, 53, 54, 3, 30], "4-13": [9, 24, 35, 29, 43, 32, 2, 40, 12, 49, 53, 34, 16, 37, 46, 47, 38, 54, 21, 4, 39, 17, 19, 6, 10, 33, 27, 25, 31, 26, 3, 48, 50, 30, 23, 1, 13, 22, 45, 8, 42, 20, 0, 55, 7, 41, 51, 28, 36, 5, 11, 18, 14, 15, 52, 44], "5-6": [39, 11, 55, 34, 21, 38, 17, 16, 45, 26, 35, 24, 9, 41, 15, 2, 8, 47, 22, 28, 27, 18, 25, 4, 32, 43, 48, 54, 36, 19, 31, 6, 23, 49, 51, 5, 37, 7, 44, 14, 29, 33, 50, 13, 0, 1, 42, 53, 20, 12, 46, 40, 10, 52, 3, 30], "5-7": [52, 46, 6, 41, 14, 10, 23, 25, 42, 24, 13, 15, 35, 40, 31, 26, 53, 2, 21, 47, 0, 34, 17, 39, 18, 8, 45, 28, 48, 32, 29, 51, 43, 27, 16, 4, 55, 19, 30, 3, 12, 37, 44, 1, 36, 33, 49, 50, 7, 38, 54, 11, 9, 22, 5, 20], "5-8": [15, 12, 33, 53, 47, 3, 30, 49, 17, 4, 25, 36, 55, 21, 37, 32, 51, 35, 31, 1, 9, 54, 41, 26, 40, 6, 5, 2, 39, 23, 24, 38, 22, 20, 52, 42, 18, 0, 48, 45, 7, 46, 16, 14, 29, 43, 13, 27, 34, 44, 10, 28, 8, 11, 19, 50], "5-9": [14, 5, 28, 43, 22, 46, 55, 13, 37, 44, 26, 50, 11, 48, 33, 23, 4, 25, 51, 20, 39, 9, 1, 30, 2, 15, 24, 36, 8, 10, 41, 35, 6, 34, 19, 18, 27, 53, 54, 7, 3, 21, 45, 49, 42, 40, 52, 29, 38, 47, 17, 16, 31, 32, 0, 12], "5-10": [27, 32, 35, 24, 19, 55, 53, 47, 6, 0, 2, 37, 49, 7, 34, 9, 30, 52, 5, 22, 13, 51, 45, 29, 26, 38, 3, 4, 16, 50, 44, 1, 31, 8, 17, 33, 15, 21, 10, 36, 18, 25, 39, 41, 12, 11, 14, 54, 28, 48, 40, 23, 20, 46, 42, 43], "5-11": [23, 28, 24, 48, 16, 49, 29, 32, 39, 22, 47, 2, 19, 8, 13, 36, 50, 54, 26, 51, 15, 10, 0, 25, 27, 52, 42, 40, 18, 3, 45, 44, 4, 21, 6, 12, 46, 30, 17, 53, 41, 31, 43, 37, 1, 20, 5, 9, 33, 14, 7, 35, 55, 34, 11, 38], "5-12": [17, 49, 46, 52, 34, 47, 8, 2, 53, 32, 7, 48, 5, 28, 36, 27, 23, 20, 25, 50, 11, 41, 42, 33, 31, 18, 12, 51, 21, 4, 10, 13, 44, 37, 14, 24, 0, 3, 19, 26, 15, 45, 54, 39, 6, 16, 1, 22, 40, 9, 43, 29, 38, 30, 55, 35], "5-13": [50, 16, 5, 11, 53, 48, 14, 43, 36, 12, 40, 32, 13, 9, 41, 8, 44, 28, 35, 0, 34, 49, 29, 22, 6, 10, 19, 37, 23, 25, 33, 46, 26, 2, 1, 38, 45, 24, 20, 55, 4, 52, 18, 51, 15, 30, 54, 3, 31, 27, 39, 17, 7, 21, 47, 42], "6-7": [24, 21, 28, 48, 53, 44, 32, 41, 52, 18, 50, 10, 31, 19, 46, 3, 42, 4, 27, 17, 22, 15, 16, 40, 5, 49, 6, 26, 54, 20, 9, 36, 37, 47, 38, 0, 43, 35, 8, 2, 30, 33, 45, 11, 39, 25, 23, 34, 13, 7, 51, 29, 55, 1, 14, 12], "6-8": [32, 39, 52, 24, 2, 25, 50, 16, 12, 30, 46, 8, 43, 48, 55, 11, 20, 14, 33, 53, 29, 45, 38, 3, 42, 5, 34, 6, 4, 31, 22, 44, 28, 51, 19, 41, 47, 27, 18, 10, 26, 49, 7, 1, 23, 13, 35, 15, 40, 17, 0, 21, 37, 54, 9, 36], "6-9": [11, 35, 29, 2, 46, 4, 41, 12, 45, 42, 24, 17, 13, 38, 54, 10, 5, 43, 23, 15, 51, 18, 36, 31, 26, 9, 52, 55, 0, 50, 21, 14, 49, 28, 40, 27, 39, 33, 53, 22, 25, 6, 37, 47, 1, 48, 32, 16, 34, 20, 3, 8, 7, 30, 44, 19], "6-10": [22, 18, 40, 33, 6, 28, 39, 29, 14, 50, 5, 47, 35, 34, 48, 42, 31, 8, 7, 54, 44, 53, 52, 17, 16, 0, 27, 45, 25, 1, 10, 9, 46, 13, 55, 24, 12, 4, 51, 15, 19, 3, 21, 49, 11, 2, 43, 32, 41, 23, 37, 36, 38, 26, 20, 30], "6-11": [35, 12, 54, 10, 15, 27, 30, 21, 36, 5, 6, 46, 16, 22, 40, 26, 0, 33, 51, 39, 41, 43, 53, 11, 38, 34, 45, 25, 23, 52, 32, 19, 1, 18, 13, 28, 7, 55, 42, 3, 31, 29, 17, 8, 37, 50, 24, 14, 44, 4, 49, 9, 2, 20, 48, 47], "6-12": [8, 7, 25, 50, 38, 0, 44, 30, 3, 35, 39, 37, 6, 27, 15, 24, 4, 28, 34, 51, 1, 36, 17, 45, 13, 46, 20, 40, 11, 9, 54, 49, 16, 22, 26, 53, 29, 14, 31, 5, 52, 10, 55, 2, 12, 41, 47, 48, 23, 43, 19, 33, 32, 18, 21, 42], "6-13": [23, 36, 20, 25, 29, 2, 12, 33, 6, 44, 45, 5, 9, 54, 34, 1, 30, 40, 22, 18, 10, 11, 31, 55, 27, 41, 32, 47, 17, 3, 0, 28, 53, 19, 39, 43, 46, 50, 15, 26, 8, 48, 35, 38, 21, 24, 52, 51, 4, 37, 7, 13, 42, 14, 49, 16], "7-8": [33, 22, 40, 27, 3, 1, 8, 47, 53, 39, 28, 37, 21, 30, 46, 25, 13, 32, 15, 26, 6, 10, 31, 5, 43, 54, 4, 23, 29, 16, 55, 2, 42, 19, 20, 45, 38, 24, 17, 14, 18, 36, 50, 12, 35, 51, 49, 11, 41, 52, 44, 9, 7, 34, 0, 48], "7-9": [5, 52, 44, 20, 21, 32, 22, 8, 39, 53, 40, 30, 10, 4, 0, 12, 42, 37, 47, 31, 43, 49, 55, 51, 48, 19, 6, 16, 17, 7, 46, 3, 36, 18, 35, 24, 15, 13, 9, 38, 28, 11, 1, 50, 2, 54, 34, 26, 23, 33, 41, 14, 27, 29, 45, 25], "7-10": [8, 42, 48, 28, 20, 40, 16, 53, 10, 47, 31, 9, 3, 32, 7, 50, 37, 55, 1, 12, 14, 4, 26, 45, 46, 41, 52, 54, 38, 21, 13, 17, 23, 0, 11, 27, 34, 39, 44, 22, 33, 2, 24, 29, 19, 15, 25, 51, 36, 6, 49, 30, 43, 18, 5, 35], "7-11": [29, 44, 34, 14, 13, 21, 0, 27, 16, 26, 7, 12, 51, 17, 49, 41, 47, 52, 3, 15, 35, 28, 1, 36, 31, 18, 24, 50, 10, 22, 25, 8, 48, 54, 5, 20, 40, 23, 6, 46, 30, 43, 55, 45, 9, 53, 11, 37, 4, 32, 33, 39, 42, 2, 38, 19], "7-12": [30, 14, 19, 12, 7, 11, 10, 28, 49, 8, 52, 4, 47, 44, 3, 6, 36, 13, 0, 32, 48, 55, 50, 39, 2, 38, 41, 53, 23, 17, 24, 16, 35, 27, 33, 46, 5, 15, 18, 25, 29, 34, 45, 54, 37, 9, 51, 21, 31, 40, 42, 43, 20, 26, 22, 1], "7-13": [7, 37, 53, 18, 27, 15, 52, 12, 29, 19, 9, 47, 17, 6, 40, 51, 8, 1, 16, 39, 24, 44, 54, 30, 26, 31, 14, 28, 35, 46, 2, 43, 4, 25, 3, 48, 49, 42, 5, 11, 34, 45, 23, 21, 0, 10, 41, 36, 33, 13, 55, 32, 38, 50, 20, 22], "8-9": [1, 29, 9, 30, 24, 20, 10, 6, 23, 31, 2, 52, 22, 41, 46, 17, 26, 39, 16, 21, 37, 4, 3, 7, 55, 40, 27, 34, 44, 47, 49, 48, 54, 14, 32, 15, 51, 28, 18, 50, 0, 25, 13, 38, 19, 8, 45, 11, 5, 42, 33, 35, 43, 12, 36, 53], "8-10": [53, 27, 36, 25, 14, 38, 2, 34, 48, 40, 24, 49, 39, 3, 0, 20, 5, 1, 46, 30, 52, 44, 19, 41, 13, 12, 45, 16, 11, 42, 21, 50, 37, 10, 33, 8, 32, 22, 47, 23, 29, 15, 54, 51, 55, 9, 26, 6, 17, 18, 35, 7, 4, 28, 43, 31],